state,zip_code,total_listings,price_median,bed_median,bath_median,acre_lot_median,house_size_median,price_mean,bed_mean,bath_mean,acre_lot_mean,house_size_mean
Massachusetts,01033,23,324900.0,3,2,0.91,1548.0,363378.22,3.17,2.0,0.92,1634.52
Massachusetts,01077,57,345000.0,3,2,0.74,1664.0,375956.11,3.25,2.21,0.8,1758.63
Massachusetts,01083,15,269900.0,3,2,0.51,1860.0,280466.67,3.33,1.93,0.82,1745.4
Massachusetts,01223,30,299000.0,3,2,0.5,1260.0,298953.27,2.77,1.7,1.32,1419.17
Massachusetts,01257,27,495000.0,3,2,2.32,1740.0,582514.81,3.15,2.22,4.55,1871.04
Massachusetts,01264,6,1375000.0,4,2,25.0,2238.0,1174000.0,4.0,2.83,47.7,3324.67
Massachusetts,01432,32,500000.0,3,3,0.33,1933.0,496059.34,3.22,2.47,0.44,1905.66
Massachusetts,01520,68,400000.0,3,2,0.41,1768.0,461233.82,3.34,2.31,0.47,1867.66
Massachusetts,01541,13,625000.0,3,3,2.6,2350.0,605561.54,3.38,2.92,3.56,2607.62
Massachusetts,01562,63,369000.0,3,2,0.57,1690.0,370193.97,3.08,2.08,0.83,1735.52
Massachusetts,01612,25,399900.0,3,3,0.64,1892.0,423599.84,3.36,2.6,0.92,2072.36
Massachusetts,01720,66,739000.0,4,3,0.58,2324.0,796693.92,3.74,2.76,0.7,2509.76
Massachusetts,01757,62,425000.0,3,2,0.25,1727.0,429301.58,3.52,2.13,0.28,1793.48
Massachusetts,01821,147,559900.0,3,2,0.43,1962.0,624303.21,3.42,2.18,0.5,2051.83
Massachusetts,01845,97,675000.0,4,3,0.66,2268.0,725970.99,3.64,2.68,0.72,2547.27
Massachusetts,01876,131,529900.0,3,2,0.35,1728.0,562706.84,3.27,2.16,0.57,1821.97
Massachusetts,01905,62,449000.0,3,2,0.11,1265.0,467212.37,3.11,1.76,0.14,1429.08
Massachusetts,01915,50,575000.0,3,2,0.19,1496.0,584565.66,3.24,2.0,0.22,1587.78
Massachusetts,01921,24,875000.0,4,3,2.07,3005.0,956399.96,4.0,3.42,2.65,3222.58
Massachusetts,02047,1,3600000.0,5,4,0.43,4372.0,3600000.0,5.0,4.0,0.43,4372.0
Massachusetts,02052,51,749000.0,4,3,0.51,2037.0,794225.47,3.67,2.59,0.6,2382.24
Massachusetts,02053,37,599900.0,3,3,0.56,2220.0,603621.49,3.46,2.57,0.83,2240.19
Massachusetts,02067,68,649900.0,3,2,0.48,2010.0,730082.21,3.35,2.44,0.62,2272.93
Massachusetts,02090,47,899900.0,4,3,0.53,2124.0,1158987.23,3.77,3.11,0.69,2712.21
Massachusetts,02125,75,775000.0,5,3,0.07,2350.0,851427.63,5.15,2.47,0.07,2330.95
Massachusetts,02186,93,795000.0,4,2,0.16,1865.0,844161.26,3.51,2.27,0.19,1956.43
Massachusetts,02359,53,489900.0,3,2,0.55,1557.0,528829.25,3.13,1.92,0.65,1776.47
Massachusetts,02446,36,2500000.0,4,4,0.13,2840.0,2645538.83,4.53,4.03,0.13,3181.78
Massachusetts,02464,15,839000.0,3,2,0.16,1756.0,862986.67,3.27,2.0,0.16,1661.93
Massachusetts,02494,30,1179000.0,4,3,0.24,2200.0,1387653.3,3.93,3.37,0.29,2828.67
Massachusetts,02539,53,2490000.0,3,3,0.5,2446.0,2926094.32,3.47,3.36,0.6,2523.45
Massachusetts,02554,56,3950000.0,4,4,0.2,2510.0,4735910.63,4.39,4.32,0.42,2972.84
Massachusetts,02559,33,479000.0,3,2,0.23,1579.0,595351.52,3.06,1.97,0.34,1599.0
Massachusetts,02631,58,700000.0,3,2,0.5,1858.0,850325.86,3.12,2.41,0.62,1939.14
Massachusetts,02644,24,498000.0,3,2,0.46,1720.0,535462.5,3.13,2.33,0.47,1819.21
Massachusetts,02668,33,799000.0,4,3,1.0,2400.0,892430.3,3.39,2.94,0.96,2368.48
Massachusetts,02703,144,429000.0,3,2,0.37,1838.0,460893.74,3.38,2.17,0.36,1885.2
Massachusetts,02724,52,399900.0,4,3,0.11,2165.0,410453.79,5.02,2.62,0.12,2358.65
Massachusetts,02747,42,459900.0,3,2,0.64,1684.0,503571.17,3.24,2.29,0.71,1924.93
Massachusetts,02767,42,459000.0,3,2,0.5,1786.0,505509.52,3.19,2.17,0.59,2052.69
Massachusetts,01005,30,340000.0,3,2,1.05,1586.0,326821.67,3.33,2.1,1.44,1735.5
Massachusetts,01026,6,495000.0,4,2,1.5,2253.0,417400.0,3.67,1.83,31.23,2484.5
Massachusetts,01032,3,310000.0,3,1,1.92,1614.0,356000.0,2.67,1.67,1.83,1799.67
Massachusetts,01050,14,270000.0,3,2,2.07,2128.0,277892.86,3.36,1.79,3.47,2131.71
Massachusetts,01072,6,260000.0,3,2,1.1,1430.0,289633.33,3.17,2.0,1.17,1648.0
Massachusetts,01073,18,429900.0,3,2,1.14,1771.0,412705.56,3.0,2.17,2.16,1912.0
Massachusetts,01081,10,239900.0,2,1,0.25,960.0,237850.0,2.5,1.6,0.76,1189.3
Massachusetts,01088,3,329000.0,3,2,1.21,1765.0,329000.0,3.33,2.0,1.08,1636.0
Massachusetts,01201,330,219900.0,3,2,0.21,1644.0,243716.35,3.82,2.06,0.23,1836.58
Massachusetts,01225,20,349112.0,3,2,0.8,1650.0,360279.0,2.9,1.85,3.62,1742.95
Massachusetts,01226,36,269900.0,3,2,0.31,1687.0,286008.33,3.36,2.06,0.39,1939.67
Massachusetts,01242,1,299000.0,3,2,0.29,2140.0,299000.0,3.0,2.0,0.29,2140.0
Massachusetts,01243,3,230000.0,2,1,7.0,1400.0,275833.33,2.33,1.0,12.43,1381.67
Massachusetts,01254,20,589900.0,3,3,2.5,2200.0,705235.0,3.3,2.7,4.86,2395.4
Massachusetts,01301,66,235000.0,3,2,0.22,1562.0,257178.79,3.3,1.89,0.27,1684.98
Massachusetts,01367,2,195000.0,2,1,1.6,912.0,215000.0,2.5,1.0,5.3,1284.0
Massachusetts,01376,19,249000.0,3,1,0.25,1248.0,241436.84,3.63,1.58,0.24,1546.26
Massachusetts,01473,33,449900.0,3,2,0.63,1814.0,445393.91,3.0,2.24,0.84,1889.06
Massachusetts,01516,40,445000.0,3,2,1.3,2000.0,440924.0,3.3,2.38,1.41,2070.2
Massachusetts,01550,83,295000.0,4,2,0.25,1820.0,296772.25,3.84,2.17,0.32,1870.17
Massachusetts,01569,57,429900.0,3,2,0.93,2039.0,445562.68,3.37,2.26,0.95,2112.04
Massachusetts,01585,33,349900.0,3,2,0.62,1650.0,362345.42,3.15,2.06,1.09,1823.33
Massachusetts,01607,34,325000.0,3,2,0.15,1566.0,338921.71,3.41,2.12,0.18,1703.24
Massachusetts,01701,149,549900.0,3,2,0.31,1712.0,558101.94,3.36,2.19,0.35,1778.02
Massachusetts,01749,63,484000.0,3,2,0.36,1742.0,547398.24,3.4,2.1,0.42,1928.56
Massachusetts,01754,57,459900.0,3,2,0.25,1626.0,490080.61,3.33,2.04,0.27,1792.4
Massachusetts,01832,40,429900.0,3,2,0.23,1784.0,454389.88,3.7,2.05,0.24,1891.15
Massachusetts,01843,46,434900.0,4,2,0.15,1629.0,472292.0,3.89,2.15,0.16,1778.89
Massachusetts,01906,83,549000.0,3,2,0.17,1632.0,556597.25,3.27,1.96,0.2,1704.53
Massachusetts,01938,27,779000.0,3,3,0.24,2226.0,789422.15,3.15,2.67,0.44,2249.37
Massachusetts,01945,67,775000.0,3,2,0.16,2050.0,841323.85,3.31,2.57,0.18,2136.66
Massachusetts,01952,25,524900.0,3,2,0.32,1620.0,542792.0,3.24,2.04,0.34,1740.24
Massachusetts,02019,73,390000.0,3,2,0.32,1563.0,399379.4,3.03,1.74,0.36,1539.82
Massachusetts,02026,110,599900.0,3,2,0.19,1580.0,628082.69,3.15,2.06,0.21,1689.85
Massachusetts,02050,56,659900.0,3,2,0.46,1908.0,668569.63,3.23,2.09,0.54,1910.34
Massachusetts,02062,109,599900.0,3,2,0.22,1716.0,629647.28,3.51,2.19,0.25,1862.6
Massachusetts,02118,80,949000.0,2,1,0.02,1008.0,1245183.75,1.89,1.65,0.03,1230.21
Massachusetts,02139,33,1685000.0,4,3,0.07,2349.0,1682133.33,4.42,2.97,0.08,2468.09
Massachusetts,02141,24,1195000.0,3,2,0.06,1716.0,1726903.08,4.88,2.79,0.07,2670.79
Massachusetts,02152,58,699900.0,4,2,0.11,2022.0,734201.72,4.16,2.45,0.12,2260.45
Massachusetts,02330,28,489900.0,3,2,1.0,1856.0,497550.0,3.0,2.18,1.18,1896.86
Massachusetts,02420,59,1500000.0,4,4,0.45,3285.0,1758501.69,4.44,4.05,0.5,3628.83
Massachusetts,02452,20,749900.0,4,2,0.21,2223.0,878200.0,3.65,2.75,0.2,2456.9
Massachusetts,02453,48,689900.0,3,2,0.14,1794.0,759216.67,3.33,2.27,0.15,1853.98
Massachusetts,02472,73,799000.0,3,2,0.12,1806.0,802408.19,3.36,2.1,0.12,1853.26
Massachusetts,02534,10,449000.0,3,2,0.46,1496.0,557390.0,2.7,2.0,0.48,1487.4
Massachusetts,02536,167,599000.0,3,2,0.33,1624.0,672003.56,3.12,2.17,0.4,1665.91
Massachusetts,02540,67,965000.0,4,3,0.43,2263.0,1241964.1,3.67,3.19,0.51,2484.01
Massachusetts,02543,3,2600000.0,4,3,0.33,2459.0,8408333.33,7.0,4.33,1.56,5505.0
Massachusetts,02558,8,350000.0,2,1,0.1,1088.0,357975.0,2.63,1.5,0.1,1097.38
Massachusetts,02645,77,595000.0,3,2,0.42,1459.0,640705.82,3.09,2.17,0.53,1657.61
Massachusetts,02651,2,599900.0,3,2,0.67,1414.0,947450.0,3.0,2.5,0.68,1457.0
Massachusetts,02659,13,700000.0,3,2,0.32,1645.0,837230.77,2.92,2.23,0.34,1666.0
Massachusetts,02673,94,449000.0,3,2,0.25,1192.0,524697.87,2.77,1.74,0.27,1285.11
Massachusetts,02721,81,429900.0,6,3,0.12,2728.0,425832.74,5.85,2.99,0.13,2741.1
Massachusetts,02740,162,329900.0,4,2,0.08,1814.0,342825.3,4.28,2.12,0.1,1989.54
Massachusetts,02744,43,349000.0,4,2,0.08,1742.0,355994.84,5.21,2.42,0.09,2194.44
Massachusetts,02780,116,399900.0,4,2,0.25,1764.0,418880.92,3.89,2.04,0.29,1815.84
Massachusetts,01012,6,425000.0,3,2,2.2,1696.0,401300.0,2.67,2.33,6.52,1776.5
Massachusetts,01027,64,349900.0,3,2,0.37,1668.0,356890.61,3.17,2.05,0.61,1709.27
Massachusetts,01069,53,265000.0,3,2,0.68,1488.0,283120.17,3.13,1.85,0.64,1713.94
Massachusetts,01070,2,395000.0,3,2,27.0,2073.0,522000.0,3.5,2.5,44.5,2361.5
Massachusetts,01071,8,299900.0,3,2,2.02,1976.0,382293.75,3.38,2.25,2.77,2568.25
Massachusetts,01092,6,229000.0,3,1,0.48,1260.0,221450.0,3.17,1.83,0.84,1589.67
Massachusetts,01096,10,319900.0,3,1,1.0,1529.0,455090.0,3.0,2.0,8.61,1710.5
Massachusetts,01235,20,229900.0,3,2,0.78,1177.0,317138.1,3.1,1.8,1.43,1396.1
Massachusetts,01255,13,495000.0,3,2,2.47,1512.0,496915.38,3.31,2.15,6.57,1663.85
Massachusetts,01330,6,285000.0,2,1,1.3,1232.0,330150.0,2.5,1.33,11.99,1500.33
Massachusetts,01347,1,250000.0,4,2,0.21,1852.0,250000.0,4.0,2.0,0.21,1852.0
Massachusetts,01349,3,265000.0,3,2,0.95,1374.0,256300.0,3.0,2.0,0.95,1437.33
Massachusetts,01354,6,239000.0,3,2,1.8,1611.0,308783.33,3.0,2.0,2.77,1651.67
Massachusetts,01366,4,399999.0,4,2,2.47,2100.0,399224.75,3.75,2.0,2.74,2136.25
Massachusetts,01510,48,345000.0,3,2,0.21,1728.0,345693.73,3.63,1.94,0.28,1786.42
Massachusetts,01515,14,319900.0,3,2,0.87,1582.0,349871.43,3.43,2.0,0.85,1649.64
Massachusetts,01519,14,569900.0,4,3,0.84,1900.0,599457.14,3.5,2.57,2.42,2258.21
Massachusetts,01532,62,524900.0,3,2,0.56,1936.0,543295.13,3.34,2.32,0.68,2067.35
Massachusetts,01537,6,289000.0,3,1,0.51,1382.0,333816.67,2.5,1.67,0.72,1451.67
Massachusetts,01542,10,300000.0,3,2,0.42,1400.0,328360.0,3.2,2.0,0.61,1645.7
Massachusetts,01568,21,735000.0,4,3,1.02,2748.0,670138.1,3.62,3.19,1.23,2728.05
Massachusetts,01583,25,369000.0,3,2,0.33,1536.0,404095.96,3.2,1.84,0.5,1605.0
Massachusetts,01702,68,529000.0,3,2,0.2,1728.0,523374.22,3.38,2.19,0.24,1790.04
Massachusetts,01756,21,559900.0,4,3,1.38,2654.0,604323.81,3.62,3.0,1.26,2538.71
Massachusetts,01770,20,949900.0,3,3,2.4,3117.0,1178690.0,3.65,3.55,3.47,3450.95
Massachusetts,01844,98,449900.0,3,2,0.23,1728.0,473456.19,3.31,2.0,0.26,1874.89
Massachusetts,01851,54,419000.0,3,2,0.11,1621.0,431223.78,3.76,1.85,0.12,1828.65
Massachusetts,01930,47,599900.0,3,2,0.15,1899.0,783167.02,3.57,2.26,0.21,1966.89
Massachusetts,01949,24,949000.0,3,3,0.92,2744.0,1048291.67,3.38,3.33,0.91,3115.75
Massachusetts,01983,18,679000.0,3,2,0.92,2269.0,688350.0,3.33,2.39,1.18,2327.0
Massachusetts,02048,45,599000.0,3,2,0.69,2054.0,574673.33,3.2,2.29,0.61,1984.56
Massachusetts,02054,32,569900.0,4,2,0.58,2038.0,636171.84,3.59,2.59,0.85,2249.88
Massachusetts,02108,12,1725000.0,2,2,0.03,1302.0,2451333.33,2.42,2.5,0.03,1760.75
Massachusetts,02150,41,599900.0,4,3,0.07,1880.0,675077.8,5.24,2.49,0.08,2210.59
Massachusetts,02189,54,489000.0,3,2,0.19,1454.0,496475.44,3.22,1.72,0.2,1507.59
Massachusetts,02190,65,549900.0,3,2,0.26,1549.0,583261.2,3.31,2.09,0.28,1762.45
Massachusetts,02215,7,849900.0,2,2,0.02,902.0,774700.0,1.57,1.57,0.02,873.86
Massachusetts,02339,50,689900.0,3,3,0.7,2140.0,694083.98,3.44,2.46,0.79,2233.12
Massachusetts,02347,10,489000.0,2,2,8.2,1285.0,492520.0,2.3,2.0,6.65,1321.8
Massachusetts,02379,19,479000.0,3,2,0.38,1748.0,463778.89,3.32,2.0,0.48,1826.79
Massachusetts,02476,46,899900.0,3,2,0.14,1958.0,948628.22,3.39,2.28,0.14,2018.35
Massachusetts,02492,62,1239000.0,4,3,0.24,2500.0,1541948.39,4.06,3.52,0.26,3223.84
Massachusetts,02630,19,799900.0,3,3,0.99,1974.0,1042089.47,3.42,2.74,0.89,2155.47
Massachusetts,02632,75,569900.0,3,2,0.39,1697.0,642747.99,3.0,2.25,0.46,1770.28
Massachusetts,02633,75,1350000.0,3,3,0.42,1997.0,1706433.33,3.35,2.89,0.5,2164.76
Massachusetts,02671,10,679000.0,3,2,0.24,1553.0,721500.0,3.0,2.0,0.36,1560.2
Massachusetts,01001,57,289900.0,3,2,0.36,1476.0,307821.04,3.12,1.84,0.37,1550.12
Massachusetts,01008,7,399900.0,3,2,1.6,1960.0,397700.0,3.14,2.29,1.84,2120.14
Massachusetts,01034,8,249900.0,3,2,1.0,1638.0,402712.5,3.38,2.13,5.5,2107.38
Massachusetts,01040,75,245000.0,4,2,0.17,1744.0,243218.04,3.55,2.0,0.2,1823.11
Massachusetts,01080,7,239900.0,3,2,0.27,1601.0,226226.71,3.43,1.71,0.26,1943.0
Massachusetts,01106,76,349900.0,3,2,0.37,1848.0,403564.46,3.41,2.47,0.37,2042.17
Massachusetts,01108,142,249900.0,5,2,0.12,2418.0,252674.27,5.24,2.27,0.13,2376.3
Massachusetts,01222,2,139000.0,2,2,0.88,1193.0,218250.0,3.0,2.0,0.94,1219.0
Massachusetts,01236,4,319000.0,3,2,0.2,1440.0,349225.0,3.0,1.75,0.4,1455.0
Massachusetts,01259,8,650000.0,4,3,3.1,2534.0,1024249.88,4.5,3.63,19.43,3173.63
Massachusetts,01373,21,369900.0,4,2,0.69,1800.0,375890.43,3.48,2.19,0.82,1944.1
Massachusetts,01430,15,299000.0,3,2,0.45,1496.0,321493.33,3.0,1.6,0.52,1494.93
Massachusetts,01521,17,309900.0,3,2,0.4,1280.0,341770.59,2.88,2.0,0.67,1328.06
Massachusetts,01560,8,299000.0,3,3,0.56,2428.0,432325.0,3.5,2.5,0.71,2143.63
Massachusetts,01581,57,574900.0,4,2,0.42,1926.0,590255.96,3.51,2.35,0.55,2053.93
Massachusetts,01588,37,475000.0,4,3,0.47,2080.0,497108.08,3.59,2.46,0.47,2128.73
Massachusetts,01604,131,389900.0,3,2,0.12,1768.0,401754.52,4.67,2.46,0.14,2238.79
Massachusetts,01741,25,1250000.0,4,3,2.02,3519.0,1226636.0,3.96,3.24,2.55,3553.76
Massachusetts,01863,10,489000.0,3,2,0.17,1728.0,483850.0,3.3,2.0,0.32,1798.0
Massachusetts,01867,82,699900.0,3,2,0.26,1846.0,761558.43,3.49,2.34,0.31,2059.88
Massachusetts,01901,5,359000.0,1,1,0.39,1110.0,333646.6,1.2,1.0,0.34,1048.8
Massachusetts,01940,44,799900.0,3,3,0.46,2647.0,847165.84,3.3,2.55,0.56,2545.77
Massachusetts,01970,123,499900.0,3,2,0.11,1500.0,529229.25,3.31,1.99,0.12,1704.03
Massachusetts,02110,15,1299000.0,2,2,0.03,1216.0,1555333.33,1.67,1.8,0.03,1298.6
Massachusetts,02122,58,659000.0,3,2,0.07,1300.0,778873.81,4.29,2.24,0.07,1925.22
Massachusetts,02128,113,749900.0,3,2,0.04,1664.0,764439.81,3.88,2.26,0.05,1733.65
Massachusetts,02184,114,575000.0,3,2,0.21,1719.0,617099.86,3.27,2.14,0.25,1786.22
Massachusetts,02210,5,1995000.0,2,3,0.04,1840.0,2017400.0,1.8,2.4,0.04,1745.8
Massachusetts,02346,96,450000.0,3,2,0.8,1768.0,481366.42,3.24,2.1,1.1,1824.74
Massachusetts,02360,297,515000.0,3,2,0.34,1792.0,542398.18,2.99,2.2,0.41,1841.91
Massachusetts,02481,71,1875000.0,4,4,0.44,3502.0,2047478.87,4.39,4.25,0.44,3840.62
Massachusetts,02553,7,544999.0,3,2,0.3,1910.0,543721.29,3.29,2.43,0.38,1813.43
Massachusetts,02634,1,1295000.0,3,3,0.23,2137.0,1295000.0,3.0,3.0,0.23,2137.0
Massachusetts,02657,76,949000.0,2,2,0.18,1045.0,1135398.68,2.04,2.03,0.29,1094.7
Massachusetts,02719,46,429900.0,3,2,0.21,1800.0,560810.85,3.26,2.15,0.24,1728.17
Massachusetts,02726,26,359900.0,3,2,0.21,1268.0,367488.42,3.0,1.54,0.2,1362.04
Massachusetts,02743,47,439900.0,3,2,0.49,1898.0,486527.66,3.13,2.09,0.81,2013.7
Massachusetts,02746,31,350000.0,6,3,0.09,2872.0,361535.48,6.23,2.71,0.08,2723.81
Massachusetts,02760,110,472500.0,3,2,0.37,1872.0,500734.55,3.38,2.23,0.43,2001.53
Massachusetts,02766,39,439900.0,3,2,0.55,1638.0,439700.18,3.21,1.82,0.72,1666.1
Massachusetts,01007,69,359000.0,3,2,0.96,1828.0,363650.67,3.13,2.13,1.08,1881.07
Massachusetts,01039,4,429900.0,4,2,2.0,2261.0,481150.0,4.0,2.75,2.04,2337.75
Massachusetts,01053,7,349000.0,3,2,0.35,1560.0,368700.0,3.29,1.86,0.5,1819.29
Massachusetts,01056,87,269900.0,3,2,0.25,1350.0,285295.4,2.97,1.72,0.48,1458.89
Massachusetts,01066,1,315000.0,3,2,0.37,1205.0,315000.0,3.0,2.0,0.37,1205.0
Massachusetts,01075,70,294900.0,3,2,0.42,1544.0,325197.04,3.13,2.14,0.46,1643.63
Massachusetts,01105,33,209900.0,4,2,0.11,2200.0,221794.27,5.42,2.52,0.11,2709.03
Massachusetts,01109,140,219900.0,4,2,0.12,1470.0,220531.28,4.21,1.85,0.13,1756.19
Massachusetts,01128,8,262500.0,3,2,0.33,1269.0,273374.88,3.13,1.75,0.35,1324.5
Massachusetts,01237,28,299900.0,3,2,0.62,1712.0,354535.71,3.32,1.86,0.83,2022.54
Massachusetts,01341,7,399000.0,3,2,3.0,2062.0,407714.29,2.71,2.14,5.31,1925.86
Massachusetts,01344,5,219500.0,3,2,0.5,1008.0,219660.0,2.6,1.6,1.08,1115.0
Massachusetts,01370,13,365000.0,3,2,0.49,1264.0,379530.77,2.69,1.69,1.4,1327.54
Massachusetts,01379,3,265000.0,3,1,13.0,1134.0,219966.67,3.0,1.0,29.23,1188.67
Massachusetts,01431,18,399999.0,3,2,1.6,1993.0,388949.94,3.22,2.22,1.74,2027.5
Massachusetts,01436,11,324900.0,3,2,0.68,1416.0,334918.18,3.18,1.73,0.96,1671.09
Massachusetts,01450,34,575000.0,3,2,1.0,2220.0,641250.0,3.41,2.47,1.18,2396.85
Massachusetts,01462,74,424900.0,3,2,0.72,1744.0,478844.58,3.14,2.18,0.94,1879.12
Massachusetts,01523,39,384900.0,3,2,0.46,1596.0,424784.59,2.87,2.0,0.71,1702.79
Massachusetts,01545,55,549000.0,4,2,0.36,2104.0,574407.91,3.62,2.53,0.51,2080.78
Massachusetts,01590,45,465000.0,3,2,1.27,2220.0,494482.22,3.29,2.38,1.63,2163.04
Massachusetts,01613,1,499000.0,6,3,0.13,3933.0,499000.0,6.0,3.0,0.13,3933.0
Massachusetts,01730,47,829000.0,4,3,0.69,2235.0,882436.13,3.66,2.66,0.66,2292.66
Massachusetts,01752,118,449900.0,3,2,0.25,1685.0,471169.36,3.43,2.13,0.29,1829.19
Massachusetts,01826,98,469900.0,3,2,0.34,1624.0,480141.31,3.28,1.94,0.45,1775.86
Massachusetts,01827,15,650000.0,3,3,2.0,2790.0,672080.0,3.47,2.67,2.34,2872.53
Massachusetts,01840,3,479900.0,6,3,0.04,2900.0,509933.33,6.33,2.67,0.06,2843.33
Massachusetts,01960,144,549900.0,3,2,0.18,1679.0,577492.33,3.37,2.07,0.23,1791.86
Massachusetts,01985,13,599900.0,3,2,0.7,2100.0,605715.38,3.08,2.23,1.46,2002.08
Massachusetts,02021,69,680000.0,4,3,0.36,2044.0,777265.06,3.68,2.58,0.42,2334.04
Massachusetts,02072,93,499999.0,3,2,0.34,1613.0,506883.7,3.34,1.91,0.34,1755.9
Massachusetts,02081,50,579900.0,3,2,0.5,1849.0,635865.58,3.5,2.34,0.62,2053.48
Massachusetts,02121,38,845000.0,6,3,0.09,3446.0,916200.79,6.95,3.37,0.09,3378.05
Massachusetts,02143,47,1050000.0,4,2,0.09,2042.0,1164130.49,4.13,2.4,0.09,2117.34
Massachusetts,02302,170,399900.0,3,2,0.22,1394.0,410472.32,3.29,1.61,0.22,1445.14
Massachusetts,02364,29,519900.0,3,2,0.47,1894.0,551979.28,3.17,2.14,0.55,1889.0
Massachusetts,02421,68,1399000.0,4,3,0.36,3125.0,1558738.16,4.13,3.54,0.35,3307.26
Massachusetts,02459,78,1499000.0,4,3,0.22,2866.0,1673446.14,4.21,3.68,0.24,3104.87
Massachusetts,02532,79,465000.0,3,2,0.3,1539.0,535176.58,2.9,2.14,0.41,1630.0
Massachusetts,02561,3,335000.0,2,1,0.29,768.0,349966.67,2.67,1.0,0.32,1101.33
Massachusetts,02562,29,599900.0,3,3,0.56,2012.0,688075.86,3.34,2.76,0.63,2199.86
Massachusetts,02601,107,450000.0,3,2,0.25,1207.0,471710.28,2.79,1.73,0.27,1347.68
Massachusetts,02642,57,719000.0,3,2,0.51,1662.0,833891.21,3.18,2.23,0.58,1683.51
Massachusetts,02649,162,699900.0,3,3,0.33,1872.0,876975.92,3.09,2.59,0.37,1975.38
Massachusetts,02723,53,369900.0,3,2,0.12,1892.0,372864.15,4.64,2.21,0.12,2021.51
Massachusetts,02725,21,379900.0,3,1,0.2,1400.0,375288.71,3.14,1.52,0.22,1334.81
Massachusetts,02748,30,569900.0,3,2,0.36,1940.0,828800.0,3.4,2.6,0.44,2009.2
Massachusetts,02769,66,499000.0,3,2,1.5,2022.0,550878.79,3.18,2.29,1.53,2160.47
Massachusetts,02771,57,429900.0,3,2,0.33,1584.0,443984.21,3.11,1.84,0.43,1717.65
Massachusetts,01009,2,209900.0,3,2,0.07,1128.0,229450.0,4.0,2.0,0.14,1526.0
Massachusetts,01020,113,255000.0,3,2,0.23,1336.0,268842.23,3.24,1.7,0.23,1454.01
Massachusetts,01031,7,269900.0,3,1,1.41,1170.0,271785.71,3.0,1.29,1.47,1402.29
Massachusetts,01060,33,399900.0,3,2,0.2,1867.0,458569.3,3.64,2.03,0.28,1899.48
Massachusetts,01082,54,239900.0,3,2,0.37,1866.0,257292.52,3.35,2.07,0.56,1966.57
Massachusetts,01093,3,369900.0,3,2,0.92,2026.0,376566.67,3.0,2.0,0.94,1950.67
Massachusetts,01224,2,234900.0,3,2,0.52,1368.0,249900.0,4.0,2.0,0.54,1851.0
Massachusetts,01258,5,899000.0,3,3,14.67,3300.0,1387600.0,3.0,2.4,19.6,3255.0
Massachusetts,01267,21,479000.0,3,2,0.41,1684.0,444380.95,3.24,2.43,1.05,1939.33
Massachusetts,01331,90,259000.0,3,2,0.34,1440.0,268026.1,3.18,1.8,0.71,1604.11
Massachusetts,01339,12,295000.0,3,2,5.5,1687.0,319933.33,2.83,2.08,25.97,1816.75
Massachusetts,01342,3,399900.0,3,3,1.4,1714.0,351633.33,3.0,2.33,1.53,1654.0
Massachusetts,01469,41,399990.0,3,2,1.0,1814.0,408011.9,3.39,2.02,1.36,2008.46
Massachusetts,01506,18,349900.0,3,2,0.34,1573.0,320175.0,3.06,1.94,0.87,1645.5
Massachusetts,01522,11,410000.0,3,3,0.92,1767.0,445154.55,3.18,2.27,0.9,1807.0
Massachusetts,01524,24,329900.0,3,2,0.4,1596.0,361841.67,3.5,1.83,0.5,1712.79
Massachusetts,01527,44,389900.0,3,2,0.31,1604.0,402177.25,3.3,1.98,0.34,1675.05
Massachusetts,01529,14,327900.0,3,2,0.22,2444.0,364657.14,4.14,2.21,0.38,2096.29
Massachusetts,01536,23,519900.0,4,3,0.52,2132.0,603400.0,3.87,2.7,0.79,2396.3
Massachusetts,01571,54,345900.0,3,2,0.39,1565.0,378597.67,3.26,2.04,0.46,1740.52
Massachusetts,01609,48,429900.0,4,3,0.28,2231.0,451358.29,4.02,2.83,0.28,2310.75
Massachusetts,01610,47,489900.0,7,3,0.11,2856.0,474770.19,6.72,3.04,0.12,3073.94
Massachusetts,01760,130,700000.0,4,2,0.28,1910.0,815639.9,3.53,2.45,0.35,2148.58
Massachusetts,01776,86,1049000.0,4,3,0.95,3080.0,1182819.72,4.08,3.52,1.04,3520.35
Massachusetts,01850,55,399900.0,4,2,0.09,1908.0,389058.62,4.0,1.82,0.1,1817.93
Massachusetts,01862,34,499900.0,3,2,0.33,1736.0,529382.35,3.15,1.91,0.42,1815.41
Massachusetts,01886,78,650000.0,3,2,0.77,2159.0,684885.9,3.44,2.36,0.74,2317.46
Massachusetts,01913,21,524900.0,3,2,0.23,2016.0,541428.57,3.52,2.33,0.3,2037.62
Massachusetts,01982,10,769000.0,3,2,0.31,1575.0,928570.0,3.5,2.4,0.59,2380.4
Massachusetts,02035,50,549900.0,3,2,0.5,2000.0,653093.96,3.38,2.5,0.72,2247.18
Massachusetts,02043,94,999000.0,3,3,0.36,2212.0,1146578.69,3.48,2.61,0.49,2307.96
Massachusetts,02056,39,674900.0,3,3,0.73,2287.0,696235.87,3.28,2.64,0.95,2333.87
Massachusetts,02114,44,939000.0,2,2,0.02,1100.0,2009118.14,2.55,2.52,0.02,1871.02
Massachusetts,02116,79,1395000.0,2,2,0.02,1250.0,1985470.89,2.04,2.01,0.03,1388.86
Massachusetts,02144,51,1200000.0,5,3,0.08,2663.0,1211415.18,5.02,2.53,0.08,2478.82
Massachusetts,02145,68,830000.0,3,2,0.08,1430.0,955058.41,3.35,2.12,0.12,1791.16
Massachusetts,02170,27,699000.0,4,2,0.11,1822.0,714125.85,3.74,2.0,0.12,1806.22
Massachusetts,02176,102,739900.0,3,2,0.15,1873.0,756860.52,3.45,2.2,0.16,1958.54
Massachusetts,02180,63,639000.0,3,2,0.23,1950.0,671636.49,3.3,2.29,0.22,2048.68
Massachusetts,02188,46,479900.0,3,2,0.2,1500.0,484149.93,3.26,1.65,0.2,1505.91
Massachusetts,02332,72,848000.0,4,3,0.93,2508.0,1022290.21,3.71,2.83,0.91,2638.82
Massachusetts,02338,26,469900.0,3,2,0.92,1638.0,496711.54,3.31,2.15,0.7,1950.85
Massachusetts,02367,12,529900.0,4,2,1.27,2024.0,533683.33,3.67,2.33,1.22,2161.08
Massachusetts,02461,31,999000.0,3,3,0.17,2002.0,1123993.52,3.52,2.48,0.19,2282.03
Massachusetts,02468,29,2198000.0,5,4,0.32,3863.0,2293889.66,4.59,4.41,0.34,4202.97
Massachusetts,02564,1,11900000.0,5,5,0.7,4425.0,11900000.0,5.0,5.0,0.7,4425.0
Massachusetts,02646,20,935000.0,3,3,0.42,1847.0,1227794.95,3.45,2.8,0.42,2078.1
Massachusetts,02652,14,389000.0,1,1,1.5,440.0,422207.14,1.36,1.29,1.77,546.36
Massachusetts,02655,58,975000.0,3,3,0.51,2145.0,1639656.88,3.55,3.43,0.74,2647.24
Massachusetts,02664,108,474900.0,3,2,0.27,1240.0,528337.01,2.63,1.69,0.28,1315.5
Massachusetts,02670,26,575500.0,3,2,0.18,1243.0,788634.62,3.04,1.96,0.22,1487.19
Massachusetts,02675,52,589000.0,3,2,0.43,1758.0,652830.77,2.92,2.42,0.49,1825.12
Massachusetts,02715,5,439000.0,3,2,0.8,1562.0,452278.0,3.0,1.8,1.13,1569.0
Massachusetts,02790,28,425000.0,3,2,0.47,1575.0,514685.71,3.0,1.96,0.72,1800.29
Massachusetts,01013,89,259900.0,3,2,0.19,1430.0,262463.94,3.73,1.97,0.2,1786.37
Massachusetts,01037,10,429900.0,3,2,1.5,1802.0,404340.0,3.4,2.5,3.29,2086.9
Massachusetts,01104,104,219900.0,3,2,0.12,1279.0,214863.92,3.13,1.57,0.13,1364.86
Massachusetts,01107,24,229900.0,4,2,0.14,1944.0,232463.21,5.0,2.29,0.14,2108.71
Massachusetts,01119,81,249900.0,3,2,0.18,1342.0,269429.56,3.28,1.75,0.2,1403.93
Massachusetts,01253,27,345000.0,3,1,0.42,1224.0,386407.41,2.93,1.56,0.98,1395.56
Massachusetts,01256,3,228000.0,2,1,3.0,1412.0,234266.67,2.33,1.33,3.7,1481.33
Massachusetts,01375,10,379800.0,3,2,0.75,1916.0,368520.0,3.5,2.1,0.78,2095.5
Massachusetts,01463,44,439900.0,3,2,1.06,1873.0,453633.82,3.41,2.18,1.46,1989.14
Massachusetts,01464,28,395000.0,3,2,0.45,1645.0,419278.57,3.29,2.25,0.7,1959.14
Massachusetts,01501,89,350000.0,3,2,0.29,1356.0,366220.81,3.1,1.79,0.33,1436.24
Massachusetts,01505,22,574900.0,4,3,1.0,2688.0,727318.14,3.55,3.09,1.09,2645.14
Massachusetts,01531,6,329900.0,3,2,2.2,1232.0,453299.83,2.5,2.0,3.63,1641.33
Massachusetts,01535,12,329000.0,3,2,0.46,1355.0,325600.0,3.0,2.0,0.68,1614.83
Massachusetts,01543,39,425000.0,3,2,0.57,2050.0,415202.56,3.23,2.41,0.92,1960.49
Massachusetts,01592,1,475000.0,1,1,0.23,800.0,475000.0,1.0,1.0,0.23,800.0
Massachusetts,01603,80,299900.0,3,2,0.14,1450.0,331267.48,3.49,2.09,0.16,1620.04
Massachusetts,01606,61,339900.0,3,2,0.17,1410.0,355376.28,3.0,1.89,0.18,1495.38
Massachusetts,01742,80,1335000.0,4,3,0.5,2949.0,1399098.75,3.8,3.26,0.75,3075.9
Massachusetts,01745,2,524900.0,3,2,0.22,1322.0,539900.0,3.0,2.0,0.93,1484.5
Massachusetts,01746,69,539900.0,3,2,0.5,1778.0,617186.96,3.42,2.3,0.59,2079.77
Massachusetts,01747,18,425000.0,3,2,0.36,1812.0,452533.28,3.28,2.11,0.43,1896.11
Massachusetts,01773,16,1199000.0,4,3,1.84,2667.0,1339750.0,3.81,3.13,1.83,3281.19
Massachusetts,01778,61,890000.0,3,3,0.58,2452.0,901149.18,3.39,2.59,0.68,2397.85
Massachusetts,01852,84,468000.0,3,2,0.13,1750.0,467851.12,3.88,2.05,0.16,1964.18
Massachusetts,01864,37,649000.0,3,2,0.46,1956.0,667326.89,3.24,2.38,0.58,2057.73
Massachusetts,01902,143,509900.0,4,2,0.1,1640.0,535232.35,4.03,2.22,0.11,1900.18
Massachusetts,01904,73,515000.0,3,2,0.14,1520.0,535193.74,3.34,1.95,0.16,1705.41
Massachusetts,01908,12,840000.0,3,3,0.12,2150.0,862783.33,3.25,2.5,0.13,1982.58
Massachusetts,01944,33,1250000.0,4,3,0.88,3078.0,1758451.52,3.97,3.7,1.09,3581.88
Massachusetts,02113,14,675000.0,2,1,0.02,746.0,939357.07,1.71,1.36,0.02,893.86
Massachusetts,02127,151,799000.0,2,2,0.02,1120.0,843950.25,2.16,1.92,0.03,1199.68
Massachusetts,02138,39,1850000.0,4,3,0.09,2255.0,2193276.92,4.05,3.18,0.1,2593.33
Massachusetts,02155,156,759000.0,3,2,0.12,1742.0,774265.63,3.42,2.22,0.13,1852.45
Massachusetts,02301,206,474900.0,3,2,0.17,1674.0,482553.17,3.95,2.05,0.19,1833.43
Massachusetts,02322,15,489900.0,3,2,0.34,1382.0,460266.67,3.0,1.6,0.34,1477.0
Massachusetts,02324,46,480000.0,3,2,0.48,1904.0,479343.48,3.39,2.09,0.56,1876.35
Massachusetts,02368,124,479900.0,3,2,0.27,1628.0,508523.34,3.33,2.06,0.27,1758.73
Massachusetts,02382,35,429900.0,3,2,0.31,1356.0,430429.97,3.29,1.57,0.33,1504.66
Massachusetts,02535,7,6750000.0,5,5,4.0,4033.0,7406428.57,4.86,4.57,3.42,3868.43
Massachusetts,02571,96,389900.0,3,2,0.19,1299.0,416341.66,3.06,1.83,0.29,1407.39
Massachusetts,02637,1,849900.0,3,4,0.65,2378.0,849900.0,3.0,4.0,0.65,2378.0
Massachusetts,02638,36,948500.0,3,2,0.44,1920.0,1210533.33,3.39,2.39,0.46,1808.11
Massachusetts,02639,54,495000.0,2,2,0.19,1026.0,587540.74,2.48,1.87,0.23,1172.56
Massachusetts,02660,44,549900.0,3,2,0.27,1458.0,649709.09,2.89,2.09,0.38,1647.8
Massachusetts,02713,4,1295000.0,3,3,1.09,1982.0,1386250.0,3.25,3.0,1.14,1994.75
Massachusetts,02718,6,529999.0,3,3,0.71,2056.0,527466.5,3.33,2.5,1.06,2069.33
Massachusetts,02739,40,649000.0,3,2,0.35,1607.0,750732.48,2.9,2.13,0.54,1734.28
Massachusetts,02763,10,599900.0,4,3,0.35,1992.0,548170.0,3.7,2.5,0.53,1913.7
Massachusetts,02770,22,599900.0,3,3,1.5,2091.0,594954.55,3.32,2.55,1.59,2140.45
Massachusetts,01002,74,419000.0,3,2,0.56,1625.0,437748.65,3.38,2.41,0.68,1881.27
Massachusetts,01010,19,429000.0,3,3,1.52,1908.0,402331.58,3.37,2.26,4.02,2084.95
Massachusetts,01030,48,299900.0,3,2,0.35,1524.0,311554.06,3.17,1.79,0.37,1565.04
Massachusetts,01036,25,299900.0,3,2,1.07,1582.0,345644.0,3.2,2.04,1.62,1801.36
Massachusetts,01054,6,389900.0,3,2,2.56,1779.0,395616.67,3.17,2.33,3.8,2085.83
Massachusetts,01079,3,264900.0,4,2,0.35,1800.0,236600.0,3.67,1.67,0.4,1885.33
Massachusetts,01085,158,272000.0,3,2,0.34,1472.0,284050.13,3.21,1.8,0.41,1559.83
Massachusetts,01089,104,249900.0,3,2,0.24,1392.0,270511.41,3.2,1.83,0.29,1528.82
Massachusetts,01151,57,235000.0,4,2,0.16,1710.0,251727.77,3.91,2.16,0.16,1693.96
Massachusetts,01220,49,189000.0,3,1,0.2,1282.0,196045.88,3.06,1.49,0.24,1417.57
Massachusetts,01240,32,549000.0,3,2,0.69,1899.0,584781.22,3.31,2.28,0.79,2075.47
Massachusetts,01245,9,725000.0,3,3,2.75,2200.0,960333.33,3.44,3.0,2.52,2713.44
Massachusetts,01338,4,130000.0,3,1,0.81,1305.0,191625.0,3.5,1.75,2.55,1816.25
Massachusetts,01355,6,419900.0,3,2,2.06,1720.0,399300.5,3.0,2.17,2.69,1619.0
Massachusetts,01360,10,289000.0,3,2,1.15,1481.0,297359.0,3.1,2.2,1.56,1750.2
Massachusetts,01378,3,314900.0,2,1,0.75,1344.0,313266.67,2.33,1.33,2.43,1370.0
Massachusetts,01452,18,349900.0,3,2,2.0,1404.0,326060.39,3.0,1.83,2.3,1666.0
Massachusetts,01468,28,339000.0,3,2,1.0,1536.0,341317.86,3.25,1.89,1.02,1702.18
Massachusetts,01504,33,379900.0,3,2,0.34,1560.0,384457.52,3.18,1.91,0.42,1643.94
Massachusetts,01540,33,349900.0,3,2,0.49,1476.0,348142.42,3.0,1.79,0.69,1529.24
Massachusetts,01566,25,389900.0,3,2,0.76,2010.0,388979.96,3.4,2.28,0.83,2019.68
Massachusetts,01748,42,700000.0,4,3,0.92,2370.0,733661.9,3.52,2.71,0.94,2474.02
Massachusetts,01775,32,699900.0,4,3,0.94,2404.0,742118.13,3.59,2.72,1.09,2616.28
Massachusetts,01841,73,499900.0,6,3,0.1,2330.0,516180.96,5.71,2.63,0.11,2518.36
Massachusetts,01854,44,425000.0,3,2,0.19,1620.0,447488.59,3.8,2.0,0.18,1777.89
Massachusetts,01860,29,625000.0,4,2,0.52,2356.0,607209.55,3.72,2.45,0.88,2488.38
Massachusetts,02032,14,549777.0,3,2,0.27,1671.0,540426.93,3.43,2.0,0.3,1605.86
Massachusetts,02109,19,1290000.0,2,2,0.03,1472.0,1401568.32,1.95,1.89,0.03,1389.58
Massachusetts,02120,15,1775000.0,8,3,0.05,2600.0,1684529.0,7.33,3.13,0.06,2713.73
Massachusetts,02126,33,584500.0,3,3,0.11,1656.0,635129.73,4.36,2.48,0.11,2076.52
Massachusetts,02136,69,559999.0,3,2,0.12,1500.0,564479.94,3.25,2.01,0.11,1599.59
Massachusetts,02151,130,599000.0,3,2,0.1,1839.0,609040.91,3.45,2.19,0.12,1884.08
Massachusetts,02191,33,469000.0,3,2,0.15,1385.0,507699.97,3.15,1.85,0.16,1537.73
Massachusetts,02199,4,4675000.0,2,3,0.05,2063.0,6055000.0,2.5,3.0,0.06,2443.75
Massachusetts,02369,1,499000.0,3,2,0.18,1100.0,499000.0,3.0,2.0,0.18,1100.0
Massachusetts,02465,45,1179000.0,4,3,0.21,2357.0,1690059.73,4.16,3.67,0.23,3108.07
Massachusetts,02474,93,929000.0,3,2,0.13,2100.0,984318.26,3.48,2.41,0.14,2100.09
Massachusetts,02482,45,1395000.0,4,3,0.24,2359.0,1474644.16,3.58,3.16,0.27,2691.38
Massachusetts,02537,67,625000.0,3,2,0.55,1890.0,757507.4,3.27,2.45,0.7,2059.61
Massachusetts,02557,40,1375000.0,3,3,0.28,1729.0,1416987.5,2.85,2.7,0.33,1772.5
Massachusetts,02568,35,1500000.0,4,3,0.55,2200.0,2647854.29,3.89,3.34,0.69,2407.66
Massachusetts,02641,26,895000.0,3,3,0.46,2262.0,1088961.5,3.35,3.19,0.56,2360.23
Massachusetts,02647,5,2495000.0,4,4,0.36,3540.0,2737800.0,4.4,4.0,0.43,3227.2
Massachusetts,02653,65,999000.0,3,3,0.71,2200.0,1429620.0,3.35,2.92,0.93,2274.22
Massachusetts,02666,15,949000.0,4,3,0.84,2164.0,1206066.67,3.6,2.73,0.91,2149.47
Massachusetts,02667,42,799000.0,3,2,0.56,1683.0,903591.67,3.31,2.29,0.71,1801.48
Massachusetts,02672,2,699000.0,3,2,0.18,1563.0,9399500.0,5.5,6.5,4.56,5620.5
Massachusetts,02722,1,449900.0,3,3,0.7,2037.0,449900.0,3.0,3.0,0.7,2037.0
Massachusetts,02738,33,579900.0,3,3,0.48,1812.0,840530.27,3.21,2.48,0.62,2023.27
Massachusetts,02762,32,449900.0,3,2,0.34,1568.0,460353.13,3.19,2.0,0.46,1641.69
Massachusetts,02777,30,399000.0,3,2,0.41,1490.0,450421.57,3.0,1.73,0.45,1634.03
Massachusetts,02791,3,1359500.0,3,2,1.38,1944.0,1101500.0,3.0,2.0,1.32,2020.0
Massachusetts,01057,37,268000.0,3,1,1.1,1445.0,286294.24,3.11,1.68,1.13,1692.78
Massachusetts,01062,38,324900.0,3,2,0.35,1256.0,385957.89,3.0,1.79,0.37,1447.71
Massachusetts,01095,60,375000.0,3,2,0.64,1880.0,389107.08,3.45,2.33,0.7,2008.6
Massachusetts,01238,30,329000.0,4,2,0.32,1922.0,367776.67,3.7,2.17,0.48,2017.7
Massachusetts,01244,1,499000.0,4,2,1.49,1359.0,499000.0,4.0,2.0,1.49,1359.0
Massachusetts,01262,20,550000.0,3,2,1.14,1681.0,701480.0,3.3,2.2,2.27,1951.6
Massachusetts,01340,7,215000.0,3,2,1.5,1764.0,273271.43,3.29,2.0,1.43,2466.14
Massachusetts,01350,1,99999.0,1,1,6.4,1032.0,99999.0,1.0,1.0,6.4,1032.0
Massachusetts,01364,54,225000.0,3,2,0.4,1440.0,224201.43,3.11,1.72,0.63,1509.04
Massachusetts,01434,1,585000.0,3,3,0.2,1930.0,585000.0,3.0,3.0,0.2,1930.0
Massachusetts,01438,2,199900.0,4,2,0.3,2082.0,314900.0,5.0,2.5,0.35,2697.0
Massachusetts,01440,99,279900.0,3,2,0.2,1471.0,273337.48,3.31,1.88,0.23,1552.03
Massachusetts,01453,158,379000.0,3,2,0.3,1597.0,379514.8,3.32,2.06,0.33,1749.77
Massachusetts,01475,49,274900.0,3,2,0.68,1536.0,281163.22,3.14,1.71,0.74,1623.53
Massachusetts,01507,40,364500.0,3,2,1.06,1768.0,394559.98,3.18,2.05,1.12,1955.8
Massachusetts,01605,76,395000.0,4,2,0.18,1770.0,400201.25,4.0,2.25,0.18,1971.29
Massachusetts,01611,11,280000.0,3,1,0.25,1542.0,280400.0,3.09,1.36,0.33,1418.36
Massachusetts,01719,18,784900.0,4,3,1.35,2634.0,812450.0,3.89,3.17,1.32,3069.17
Massachusetts,01721,54,559000.0,3,2,0.44,1862.0,562874.06,3.39,2.26,0.55,1881.24
Massachusetts,01772,33,719900.0,4,3,0.74,2236.0,836939.39,3.55,2.91,0.83,2685.36
Massachusetts,01801,122,575000.0,3,2,0.21,1704.0,609367.01,3.42,2.09,0.22,1786.07
Massachusetts,01824,88,579900.0,3,2,0.65,1784.0,604394.31,3.42,2.25,0.71,2006.81
Massachusetts,01833,33,599000.0,3,3,0.65,1958.0,596432.82,3.3,2.39,0.82,2018.33
Massachusetts,01923,74,595599.0,3,2,0.36,1727.0,602244.55,3.47,2.0,0.34,1939.23
Massachusetts,01951,19,799000.0,3,2,0.38,1778.0,955384.21,3.16,2.47,0.65,2177.84
Massachusetts,01966,4,700000.0,3,2,0.2,1551.0,713475.0,3.0,2.25,0.21,1687.25
Massachusetts,02030,41,1299000.0,4,3,1.26,3833.0,1607190.24,4.02,4.05,1.85,4229.71
Massachusetts,02038,119,529900.0,4,2,0.48,1918.0,571711.67,3.55,2.36,0.63,2122.45
Massachusetts,02115,24,789000.0,2,1,0.02,884.0,1815816.08,2.21,1.96,0.03,1569.38
Massachusetts,02119,35,729000.0,4,2,0.04,2000.0,807688.57,4.23,2.37,0.05,2063.2
Massachusetts,02124,105,749999.0,5,2,0.09,2500.0,823959.14,5.54,2.46,0.1,2495.31
Massachusetts,02129,38,1399000.0,3,3,0.03,2057.0,1510415.79,3.42,3.03,0.03,2103.16
Massachusetts,02132,115,649900.0,3,2,0.12,1468.0,694686.07,3.13,2.0,0.11,1588.62
Massachusetts,02149,96,680000.0,4,2,0.09,2192.0,703924.6,4.84,2.26,0.09,2227.47
Massachusetts,02171,44,649900.0,3,2,0.11,1336.0,686699.68,3.18,1.82,0.12,1487.41
Massachusetts,02333,43,494900.0,3,2,0.63,1638.0,519627.88,3.23,2.42,0.62,1971.42
Massachusetts,02341,49,449900.0,3,2,0.75,1456.0,467967.14,3.0,1.9,0.73,1615.94
Massachusetts,02343,40,419000.0,3,1,0.21,1350.0,429532.48,3.0,1.55,0.23,1390.28
Massachusetts,02351,47,579900.0,3,2,0.45,1848.0,552270.17,3.34,2.11,0.45,1862.96
Massachusetts,02370,46,439900.0,3,2,0.28,1593.0,459776.04,3.41,1.72,0.38,1604.67
Massachusetts,02375,29,579000.0,3,2,0.72,2032.0,584696.52,3.45,2.31,0.71,2093.41
Massachusetts,02451,67,638000.0,3,2,0.12,1755.0,705833.28,3.16,2.1,0.16,1898.94
Massachusetts,02458,43,1249000.0,4,4,0.2,2879.0,1355520.93,4.09,3.47,0.21,2997.07
Massachusetts,02466,28,899000.0,3,2,0.15,2084.0,989771.43,3.29,2.5,0.16,2036.75
Massachusetts,02478,86,1199000.0,4,2,0.14,2415.0,1257082.55,3.97,2.66,0.16,2405.71
Massachusetts,02556,24,781000.0,3,2,0.39,1800.0,813783.33,3.17,2.29,0.39,1851.71
Massachusetts,02563,95,595000.0,3,2,0.49,1830.0,692530.19,3.12,2.52,0.54,1942.24
Massachusetts,02650,12,1849900.0,4,4,0.83,2449.0,1605491.67,3.67,3.75,0.9,2569.08
Massachusetts,02702,4,419900.0,3,1,0.23,1400.0,438675.0,3.0,1.5,0.8,1561.75
Massachusetts,02717,9,474900.0,3,2,0.36,1450.0,490177.78,2.89,2.11,0.8,1569.44
Massachusetts,02745,86,349900.0,3,2,0.17,1367.0,355752.03,3.0,1.77,0.19,1462.67
Massachusetts,02779,36,524900.0,3,2,1.0,1911.0,550661.08,3.31,2.11,1.13,1951.72
Massachusetts,01011,9,250000.0,3,2,2.0,1337.0,266533.33,3.0,1.56,9.15,1562.22
Massachusetts,01028,87,299000.0,3,2,0.41,1492.0,331827.71,3.26,1.94,0.46,1642.6
Massachusetts,01035,21,479000.0,4,2,0.64,2104.0,523228.57,3.71,2.48,0.78,2277.71
Massachusetts,01038,10,335000.0,3,2,0.81,1490.0,390590.0,3.3,2.0,1.31,1941.3
Massachusetts,01068,9,499900.0,3,3,4.0,1904.0,484055.56,3.33,2.56,5.65,2008.89
Massachusetts,01098,10,279000.0,3,2,2.49,1464.0,385970.0,3.1,2.1,2.83,1926.3
Massachusetts,01118,106,239900.0,3,2,0.18,1318.0,248110.83,3.11,1.62,0.19,1341.9
Massachusetts,01129,31,245000.0,3,1,0.25,1200.0,247035.45,3.0,1.23,0.26,1256.06
Massachusetts,01230,107,499900.0,3,2,0.48,2013.0,615905.58,3.35,2.31,1.38,2055.86
Massachusetts,01247,83,169900.0,3,2,0.2,1565.0,177159.9,3.4,1.81,0.25,1740.84
Massachusetts,01266,20,569000.0,3,2,3.09,1956.0,670890.0,3.15,2.4,4.19,2043.55
Massachusetts,01270,6,379990.0,3,2,3.62,1900.0,378131.67,2.67,2.17,3.43,2052.0
Massachusetts,01337,9,299900.0,3,2,2.08,1653.0,425288.89,3.44,3.0,2.87,2355.33
Massachusetts,01346,4,365000.0,2,2,4.05,1764.0,339725.0,2.75,2.5,5.81,2313.75
Massachusetts,01351,9,329900.0,3,2,1.01,1770.0,360311.11,3.11,2.22,1.23,1729.11
Massachusetts,01368,9,349000.0,3,1,2.89,1560.0,289088.89,3.11,1.56,3.24,1619.89
Massachusetts,01420,193,320000.0,4,2,0.19,1768.0,324529.26,4.3,2.12,0.23,2005.86
Massachusetts,01451,19,849000.0,4,3,2.74,3143.0,792300.0,3.58,3.11,2.8,2974.84
Massachusetts,01460,44,575000.0,3,2,0.5,1912.0,603373.23,3.18,2.25,0.64,2071.0
Massachusetts,01474,12,329900.0,3,1,0.5,1680.0,345191.67,3.08,1.58,0.8,1684.5
Massachusetts,01503,9,425000.0,3,2,1.12,1344.0,510188.89,2.78,2.33,1.01,1708.11
Massachusetts,01518,16,375000.0,3,3,0.99,2160.0,399143.69,3.5,2.38,0.93,2057.81
Massachusetts,01534,16,454900.0,3,2,0.59,2035.0,474118.75,3.44,2.25,0.66,1995.5
Massachusetts,01558,1,419900.0,3,2,0.67,1680.0,419900.0,3.0,2.0,0.67,1680.0
Massachusetts,01564,34,409900.0,3,2,1.01,1802.0,508629.38,2.97,2.29,1.17,1887.09
Massachusetts,01570,78,329000.0,3,2,0.23,1915.0,378085.86,3.67,2.15,0.27,1889.37
Massachusetts,01602,99,342000.0,3,2,0.19,1575.0,351941.35,3.24,1.98,0.19,1649.6
Massachusetts,01608,2,349900.0,3,3,0.06,1760.0,524950.0,6.0,4.0,0.13,2605.0
Massachusetts,01740,30,670000.0,3,3,1.5,2485.0,674046.67,3.5,2.93,1.97,2637.9
Massachusetts,01803,43,739900.0,4,3,0.47,2099.0,904932.53,3.65,2.79,0.49,2597.4
Massachusetts,01810,103,679500.0,3,2,0.5,2092.0,763592.23,3.52,2.43,0.6,2355.43
Massachusetts,01830,44,439900.0,3,2,0.2,1789.0,457020.41,3.36,2.14,0.25,1853.57
Massachusetts,01834,8,525000.0,3,2,0.43,1372.0,545575.0,3.0,1.63,0.51,1651.0
Massachusetts,01835,39,499000.0,3,2,0.15,1999.0,509099.95,3.9,2.21,0.2,2198.54
Massachusetts,01879,31,479900.0,3,2,0.69,1812.0,522635.45,3.29,2.06,0.68,2027.42
Massachusetts,01880,91,624900.0,3,2,0.2,1718.0,638321.79,3.12,2.05,0.22,1713.07
Massachusetts,01887,93,594900.0,3,2,0.39,1880.0,648076.18,3.31,2.25,0.41,2036.44
Massachusetts,01890,82,1249000.0,4,3,0.23,2682.0,1282146.73,3.89,2.91,0.26,2661.17
Massachusetts,01907,37,625000.0,3,2,0.11,1757.0,743356.73,3.3,2.27,0.17,1991.95
Massachusetts,01922,3,650000.0,4,3,1.05,2141.0,850000.0,4.0,3.0,2.74,2730.0
Massachusetts,01929,10,739000.0,3,3,0.34,2020.0,702580.0,3.0,2.6,0.57,2300.7
Massachusetts,01950,45,799900.0,3,2,0.16,1826.0,958375.53,3.16,2.47,0.17,2050.22
Massachusetts,01969,25,739000.0,4,3,0.78,2327.0,756537.0,3.48,2.72,0.89,2355.04
Massachusetts,01984,15,799000.0,4,3,0.92,2883.0,888386.67,3.67,3.07,0.86,2944.07
Massachusetts,02025,31,1395000.0,4,3,0.5,3500.0,1704254.84,4.23,3.42,0.67,3466.61
Massachusetts,02045,66,580000.0,3,2,0.12,1582.0,631551.52,3.27,2.08,0.15,1704.5
Massachusetts,02061,58,789000.0,4,3,1.0,2259.0,955396.52,3.53,2.88,1.28,2818.41
Massachusetts,02066,65,769000.0,3,3,0.47,2076.0,903329.23,3.49,2.52,0.55,2205.85
Massachusetts,02093,42,475000.0,3,2,0.63,1622.0,518526.17,3.12,2.07,0.87,1852.43
Massachusetts,02111,19,1095000.0,2,2,0.03,1286.0,1426473.63,1.89,2.05,0.03,1278.32
Massachusetts,02130,117,749000.0,3,2,0.05,1247.0,819785.44,2.79,1.92,0.09,1479.29
Massachusetts,02131,106,689000.0,3,2,0.1,1550.0,678486.45,3.25,2.06,0.1,1629.66
Massachusetts,02134,30,499900.0,2,1,0.02,815.0,643749.97,2.8,1.67,0.03,1203.77
Massachusetts,02135,99,695000.0,3,2,0.03,1158.0,781515.35,3.32,1.83,0.07,1637.49
Massachusetts,02140,21,1565000.0,4,3,0.09,2470.0,1828894.76,4.71,3.1,0.09,2584.71
Massachusetts,02148,153,649999.0,4,2,0.11,1948.0,665755.86,3.94,2.21,0.12,2024.88
Massachusetts,02169,104,599000.0,3,2,0.12,1495.0,648455.74,3.18,1.97,0.13,1666.41
Massachusetts,02356,61,649900.0,3,2,0.69,2218.0,675116.38,3.46,2.41,0.65,2329.69
Massachusetts,02445,25,2100000.0,5,4,0.15,3149.0,2959515.96,4.88,4.2,0.26,3784.24
Massachusetts,02460,27,1200000.0,4,3,0.18,2644.0,1460070.37,4.07,3.22,0.22,3044.7
Massachusetts,02462,6,849900.0,3,2,0.16,1213.0,1011116.67,3.33,2.17,0.17,1667.5
Massachusetts,02467,59,1475000.0,4,3,0.24,2700.0,1618453.03,3.63,3.36,1.15,2918.25
Massachusetts,02493,62,2495000.0,5,5,1.39,4962.0,3266869.35,4.68,5.31,1.54,5601.89
Massachusetts,02538,32,329900.0,2,1,0.15,960.0,334946.84,2.5,1.44,0.19,1034.31
Massachusetts,02575,14,1795000.0,4,3,1.6,2075.0,2010571.43,3.93,3.0,1.88,2357.14
Massachusetts,02576,14,450000.0,3,2,0.69,1456.0,492957.14,3.0,2.07,0.95,1670.14
Massachusetts,02635,25,699000.0,3,3,0.62,2038.0,772952.0,3.0,2.72,0.71,2145.56
Massachusetts,02648,63,595000.0,3,2,0.54,1768.0,656784.83,3.16,2.29,0.67,1856.51
Massachusetts,02720,64,399900.0,4,3,0.15,1966.0,434026.55,4.61,2.55,0.19,2382.81
Massachusetts,02764,5,359900.0,3,1,0.55,1076.0,365540.0,2.4,1.2,0.53,1170.6
Massachusetts,02893,1,1875000.0,2,4,0.25,3084.0,1875000.0,2.0,4.0,0.25,3084.0
